{"wheel_0_in": [739.1570434570312, 487.9400939941406, 156.47178649902344, 233.36181640625, 14.905041694641113], "wheel_0_out": [743.1033935546875, 489.1067199707031, 237.45187377929688, 306.8870544433594, 15.65904712677002], "wheel_1_in": [775.0028076171875, 527.0985717773438, 173.98269653320312, 238.9794464111328, 14.17286205291748], "wheel_1_out": [778.4359130859375, 531.4510498046875, 256.0511169433594, 314.3526306152344, 16.409778594970703], "wheel_2_in": [717.1652221679688, 464.5074157714844, 149.1705322265625, 229.1218719482422, 13.49433422088623], "wheel_2_out": [721.967041015625, 465.0404052734375, 224.11709594726562, 304.6211853027344, 16.860092163085938], "wheel_3_in": [0, 0, 0, 0, 0], "wheel_3_out": [0, 0, 0, 0, 0], "wheel_4_in": [0, 0, 0, 0, 0], "wheel_4_out": [0, 0, 0, 0, 0]}